{
  "state": {
    "isStdOutTTY": false,
    "isStdErrTTY": false,
    "testRunDurationMs": 245322.559181
  },
  "metrics": {
    "http_req_waiting": {
      "type": "trend",
      "contains": "time",
      "values": {
        "p(95)": 3239.725016,
        "avg": 484.9682038404252,
        "min": 0.830288,
        "med": 1.6918129999999998,
        "max": 3247.283478,
        "p(90)": 3221.7747434
      }
    },
    "net_consensus_time": {
      "values": {
        "avg": 2917.4,
        "min": 1571,
        "med": 3121.5,
        "max": 3131,
        "p(90)": 3129.2,
        "p(95)": 3131
      },
      "type": "trend",
      "contains": "time"
    },
    "http_req_failed": {
      "contains": "default",
      "values": {
        "fails": 188,
        "rate": 0,
        "passes": 0
      },
      "thresholds": {
        "rate<0.2": {
          "ok": true
        }
      },
      "type": "rate"
    },
    "http_req_sending": {
      "values": {
        "avg": 0.04945667021276597,
        "min": 0.008176,
        "med": 0.0323835,
        "max": 0.397527,
        "p(90)": 0.10148330000000001,
        "p(95)": 0.1258169
      },
      "type": "trend",
      "contains": "time"
    },
    "app_availability": {
      "thresholds": {
        "rate>0.90": {
          "ok": true
        }
      },
      "type": "rate",
      "contains": "default",
      "values": {
        "fails": 0,
        "rate": 1,
        "passes": 30
      }
    },
    "vus_max": {
      "type": "gauge",
      "contains": "default",
      "values": {
        "value": 1,
        "min": 1,
        "max": 1
      }
    },
    "http_req_blocked": {
      "values": {
        "avg": 0.11020519680851062,
        "min": 0.002898,
        "med": 0.009912,
        "max": 0.900933,
        "p(90)": 0.38750320000000005,
        "p(95)": 0.41494965
      },
      "type": "trend",
      "contains": "time"
    },
    "data_sent": {
      "type": "counter",
      "contains": "data",
      "values": {
        "count": 24860,
        "rate": 101.33597204836832
      }
    },
    "http_req_receiving": {
      "type": "trend",
      "contains": "time",
      "values": {
        "min": 0.032992,
        "med": 0.07638400000000001,
        "max": 0.447599,
        "p(90)": 0.127881,
        "p(95)": 0.13938885,
        "avg": 0.08626774999999999
      }
    },
    "http_req_duration": {
      "type": "trend",
      "contains": "time",
      "values": {
        "p(95)": 3239.9502304000002,
        "avg": 485.1039282606381,
        "min": 0.898063,
        "med": 1.8044310000000001,
        "max": 3247.504857,
        "p(90)": 3221.9609695999998
      }
    },
    "vus": {
      "type": "gauge",
      "contains": "default",
      "values": {
        "min": 0,
        "max": 1,
        "value": 0
      }
    },
    "net_latency_ttfb": {
      "type": "trend",
      "contains": "time",
      "values": {
        "min": 90,
        "med": 95.5,
        "max": 100,
        "p(90)": 98.1,
        "p(95)": 99,
        "avg": 95.23333333333333
      }
    },
    "comp_gas_used": {
      "type": "trend",
      "contains": "time",
      "values": {
        "p(95)": 625000,
        "avg": 625000,
        "min": 625000,
        "med": 625000,
        "max": 625000,
        "p(90)": 625000
      }
    },
    "checks": {
      "type": "rate",
      "contains": "default",
      "values": {
        "rate": 1,
        "passes": 150,
        "fails": 0
      },
      "thresholds": {
        "rate>0.9": {
          "ok": true
        }
      }
    },
    "iterations": {
      "type": "counter",
      "contains": "default",
      "values": {
        "count": 30,
        "rate": 0.12228797914123289
      }
    },
    "app_accuracy": {
      "type": "rate",
      "contains": "default",
      "values": {
        "rate": 1,
        "passes": 30,
        "fails": 0
      }
    },
    "http_req_duration{expected_response:true}": {
      "type": "trend",
      "contains": "time",
      "values": {
        "avg": 485.1039282606381,
        "min": 0.898063,
        "med": 1.8044310000000001,
        "max": 3247.504857,
        "p(90)": 3221.9609695999998,
        "p(95)": 3239.9502304000002
      }
    },
    "data_received": {
      "type": "counter",
      "contains": "data",
      "values": {
        "count": 79498,
        "rate": 324.0549921923244
      }
    },
    "net_response_time": {
      "type": "trend",
      "contains": "time",
      "values": {
        "p(90)": 3243,
        "p(95)": 3243,
        "avg": 3028.4,
        "min": 1684,
        "med": 3232,
        "max": 3245
      }
    },
    "app_error_rate": {
      "thresholds": {
        "rate<0.05": {
          "ok": true
        }
      },
      "type": "rate",
      "contains": "default",
      "values": {
        "passes": 0,
        "fails": 30,
        "rate": 0
      }
    },
    "app_outlier_detection_rate": {
      "type": "rate",
      "contains": "default",
      "values": {
        "rate": 1,
        "passes": 30,
        "fails": 0
      },
      "thresholds": {
        "rate>0.8": {
          "ok": true
        }
      }
    },
    "net_throughput": {
      "type": "counter",
      "contains": "default",
      "values": {
        "count": 30,
        "rate": 0.12228797914123289
      }
    },
    "iteration_duration": {
      "contains": "time",
      "values": {
        "med": 8247.604478500001,
        "max": 8259.557254,
        "p(90)": 8257.0856712,
        "p(95)": 8257.566896600001,
        "avg": 8043.308392699999,
        "min": 6701.052001
      },
      "type": "trend"
    },
    "http_req_tls_handshaking": {
      "type": "trend",
      "contains": "time",
      "values": {
        "avg": 0,
        "min": 0,
        "med": 0,
        "max": 0,
        "p(90)": 0,
        "p(95)": 0
      }
    },
    "http_reqs": {
      "contains": "default",
      "values": {
        "count": 188,
        "rate": 0.7663380026183928
      },
      "type": "counter"
    },
    "http_req_connecting": {
      "type": "trend",
      "contains": "time",
      "values": {
        "max": 0.615293,
        "p(90)": 0.26158130000000007,
        "p(95)": 0.2903626,
        "avg": 0.07113234574468083,
        "min": 0,
        "med": 0
      }
    }
  },
  "setup_data": {},
  "root_group": {
      "path": "",
      "id": "d41d8cd98f00b204e9800998ecf8427e",
      "groups": [],
      "checks": [
          {
            "name": "oracle-1 set to malicious",
            "path": "::oracle-1 set to malicious",
            "id": "ab6f91bf5777204e083f2bcf67bb9aa2",
            "passes": 10,
            "fails": 0
          },
          {
            "fails": 0,
            "name": "S3: System completed successfully",
            "path": "::S3: System completed successfully",
            "id": "fb8c55e67df27569e3f777b8efbeb809",
            "passes": 30
          },
          {
            "name": "S3: Outlier was detected",
            "path": "::S3: Outlier was detected",
            "id": "f6fd4842e901e2d77b3f041971f3af72",
            "passes": 30,
            "fails": 0
          },
          {
            "path": "::S3: Aggregated value not corrupted",
            "id": "2eb5e2ece247c39e8851818aecf161eb",
            "passes": 30,
            "fails": 0,
            "name": "S3: Aggregated value not corrupted"
          },
          {
            "fails": 0,
            "name": "oracle-1 restored to honest",
            "path": "::oracle-1 restored to honest",
            "id": "1ef6ed01e3cf073ab4ee237b60335e04",
            "passes": 10
          },
          {
            "passes": 10,
            "fails": 0,
            "name": "oracle-2 set to malicious",
            "path": "::oracle-2 set to malicious",
            "id": "69753c607d624aa43b319eac74322568"
          },
          {
            "name": "oracle-2 restored to honest",
            "path": "::oracle-2 restored to honest",
            "id": "c0c1c9d3b2d1a34357503ce00b4aa26c",
            "passes": 10,