{
  "state": {
    "isStdErrTTY": false,
    "testRunDurationMs": 247834.742539,
    "isStdOutTTY": false
  },
  "metrics": {
    "http_req_blocked": {
      "type": "trend",
      "contains": "time",
      "values": {
        "p(95)": 0.4554618,
        "avg": 0.16374332258064514,
        "min": 0.004976,
        "med": 0.01379,
        "max": 0.562082,
        "p(90)": 0.3919745
      }
    },
    "net_throughput": {
      "type": "counter",
      "contains": "default",
      "values": {
        "count": 30,
        "rate": 0.12104840383821132
      }
    },
    "iteration_duration": {
      "type": "trend",
      "contains": "time",
      "values": {
        "min": 7719.580802,
        "med": 8247.7587195,
        "max": 9268.403749,
        "p(90)": 8254.7822587,
        "p(95)": 8256.2121371,
        "avg": 8127.305614200001
      }
    },
    "http_reqs": {
      "type": "counter",
      "contains": "default",
      "values": {
        "count": 124,
        "rate": 0.5003334025312735
      }
    },
    "app_outlier_detection_rate": {
      "values": {
        "rate": 0,
        "passes": 0,
        "fails": 30
      },
      "type": "rate",
      "contains": "default"
    },
    "http_req_duration": {
      "values": {
        "avg": 755.775998451613,
        "min": 1.113358,
        "med": 2.1511069999999997,
        "max": 4258.651464,
        "p(90)": 3239.6286663,
        "p(95)": 3242.01791995
      },
      "type": "trend",
      "contains": "time"
    },
    "http_req_waiting": {
      "type": "trend",
      "contains": "time",
      "values": {
        "avg": 755.6097756532256,
        "min": 1.046912,
        "med": 2.0114454999999998,
        "max": 4258.464789,
        "p(90)": 3239.3200667,
        "p(95)": 3241.7932551
      }
    },
    "app_error_rate": {
      "type": "rate",
      "contains": "default",
      "values": {
        "rate": 0,
        "passes": 0,
        "fails": 30
      },
      "thresholds": {
        "rate<0.05": {
          "ok": true
        }
      }
    },
    "http_req_duration{expected_response:true}": {
      "type": "trend",
      "contains": "time",
      "values": {
        "avg": 755.775998451613,
        "min": 1.113358,
        "med": 2.1511069999999997,
        "max": 4258.651464,
        "p(90)": 3239.6286663,
        "p(95)": 3242.01791995
      }
    },
    "http_req_connecting": {
      "type": "trend",
      "contains": "time",
      "values": {
        "p(95)": 0.3204657999999999,
        "avg": 0.10633690322580647,
        "min": 0,
        "med": 0,
        "max": 0.449372,
        "p(90)": 0.28231300000000004
      }
    },
    "app_accuracy": {
      "contains": "default",
      "values": {
        "rate": 1,
        "passes": 30,
        "fails": 0
      },
      "type": "rate"
    },
    "http_req_failed": {
      "type": "rate",
      "contains": "default",
      "values": {
        "passes": 0,
        "fails": 124,
        "rate": 0
      },
      "thresholds": {
        "rate<0.2": {
          "ok": true
        }
      }
    },
    "http_req_sending": {
      "type": "trend",
      "contains": "time",
      "values": {
        "avg": 0.06740391935483875,
        "min": 0.010109,
        "med": 0.043854000000000004,
        "max": 0.545977,
        "p(90)": 0.11169730000000003,
        "p(95)": 0.14173544999999999
      }
    },
    "http_req_receiving": {
      "type": "trend",
      "contains": "time",
      "values": {
        "avg": 0.09881887903225804,
        "min": 0.044804,
        "med": 0.09512100000000001,
        "max": 0.388045,
        "p(90)": 0.13573200000000002,
        "p(95)": 0.14605084999999998
      }
    },
    "data_sent": {
      "type": "counter",
      "contains": "data",
      "values": {
        "count": 15316,
        "rate": 61.79924510620148
      }
    },
    "data_received": {
      "type": "counter",
      "contains": "data",
      "values": {
        "count": 54857,
        "rate": 221.34507631175862
      }
    },
    "net_latency_ttfb": {
      "type": "trend",
      "contains": "time",
      "values": {
        "p(90)": 98,
        "p(95)": 99.1,
        "avg": 94.86666666666666,
        "min": 89,
        "med": 95,
        "max": 101
      }
    },
    "net_response_time": {
      "values": {
        "med": 3236,
        "max": 4257,
        "p(90)": 3242.1,
        "p(95)": 3243.55,
        "avg": 3114.9333333333334,
        "min": 2709
      },
      "type": "trend",
      "contains": "time"
    },
    "vus": {
      "values": {
        "max": 1,
        "value": 0,
        "min": 0
      },
      "type": "gauge",
      "contains": "default"
    },
    "iterations": {
      "type": "counter",
      "contains": "default",
      "values": {
        "rate": 0.12104840383821132,
        "count": 30
      }
    },
    "net_consensus_time": {
      "type": "trend",
      "contains": "time",
      "values": {
        "avg": 3004.233333333333,
        "min": 2599,
        "med": 3125,
        "max": 4150,
        "p(90)": 3128.1,
        "p(95)": 3129.55
      }
    },
    "comp_gas_used": {
      "type": "trend",
      "contains": "time",
      "values": {
        "p(95)": 625000,
        "avg": 625000,
        "min": 625000,
        "med": 625000,
        "max": 625000,
        "p(90)": 625000
      }
    },
    "app_availability": {
      "thresholds": {
        "rate>0.90": {
          "ok": true
        }
      },
      "type": "rate",
      "contains": "default",
      "values": {
        "rate": 1,
        "passes": 30,
        "fails": 0
      }
    },
    "vus_max": {
      "values": {
        "value": 1,
        "min": 1,
        "max": 1
      },
      "type": "gauge",
      "contains": "default"
    },
    "http_req_tls_handshaking": {
      "values": {
        "p(95)": 0,
        "avg": 0,
        "min": 0,
        "med": 0,
        "max": 0,
        "p(90)": 0
      },
      "type": "trend",
      "contains": "time"
    },
    "checks": {
      "type": "rate",
      "contains": "default",
      "values": {
        "rate": 1,
        "passes": 150,
        "fails": 0
      },
      "thresholds": {
        "rate>0.9": {
          "ok": true
        }
      }
    }
  },
  "setup_data": {},
  "root_group": {
      "groups": [],
      "checks": [
          {
            "passes": 30,
            "fails": 0,
            "name": "Oracle 3 failed successfully",
            "path": "::Oracle 3 failed successfully",
            "id": "f107060b533d72412560d6db6a358500"
          },
          {
            "passes": 30,
            "fails": 0,
            "name": "S2: System completed with 2 oracles",
            "path": "::S2: System completed with 2 oracles",
            "id": "880927717764369f444397c4c15050a7"
          },
          {
            "name": "S2: Aggregation successful",
            "path": "::S2: Aggregation successful",
            "id": "75f566e02619aede3a1bb765a1f6c017",
            "passes": 30,
            "fails": 0
          },
          {
            "path": "::S2: Received 2 oracle responses",
            "id": "51e7f562cfda511f1d7754294d57bedb",
            "passes": 30,
            "fails": 0,
            "name": "S2: Received 2 oracle responses"
          },
          {
            "fails": 0,
            "name": "Oracle 3 recovered",
            "path": "::Oracle 3 recovered",
            "id": "5920e91cb1a76118cc9aa9daa7edfd91",
            "passes": 30
          }
        ],
      "name": "",
      "path": "",
      "id": "d41d8cd98f00b204e9800998ecf8427e"
    },
  "options": {
      "noColor": false,
      "summaryTrendStats": [
        "avg",
        "min",
        "med",
        "max",
        "p(90)",
        "p(95)"
      ],
      "summaryTimeUnit": ""
    }
}